1789810761.205051257,0,0,2405,9.53,14277700,6904904,20978294354195,20977201823210
1789810761.738126687,0,0,2405,9.55,14277701,6904904,20978294354195,20977201823210
1789810762.269932152,0,0,2405,9.52,14277702,6904904,20978294354195,20977201823210
1789810762.805957637,0,0,2405,9.51,14277704,6904904,20978294354195,20977201823210
1789810763.339505994,0,0,2405,9.53,14277706,6904904,20978294354195,20977201823210
1789810763.876338485,0,0,2405,9.53,14277706,6904904,20978294354195,20977201823210
1789810764.410723815,0,0,2405,9.54,14277708,6904904,20978294354195,20977201823210
1789810764.944673594,0,0,2405,9.53,14277710,6904904,20978294354195,20977201823210
1789810765.481266118,0,0,2405,9.55,14277711,6904904,20978294354195,20977201823210
1789810766.014435355,0,0,2405,9.55,14277712,6904904,20978294354195,20977201823210
1789810766.550085545,0,0,2405,9.54,14277714,6904904,20978294354195,20977201823210
1789810767.086266678,0,0,2405,9.52,14277716,6904904,20978294354195,20977201823210
1789810767.619527275,0,0,2405,9.52,14277717,6904904,20978294354195,20977201823210
1789810768.153308687,0,0,2405,9.51,14277718,6904904,20978294354195,20977201823210
1789810768.685869989,0,0,2405,9.52,14277719,6904904,20978294354195,20977201823210
1789810769.218738555,0,0,2405,9.52,14277720,6904904,20978294354195,20977201823210
1789810769.751749985,0,0,2405,9.51,14277722,6904904,20978294354195,20977201823210
1789810770.285303445,0,0,2405,9.53,14277723,6904904,20978294354195,20977201823210
1789810770.818542346,0,0,2405,9.55,14277724,6904904,20978294354195,20977201823210
1789810771.352674316,0,0,2405,9.53,14277726,6904904,20978294354195,20977201823210
1789810771.886955855,0,0,2405,9.53,14277727,6904904,20978294354195,20977201823210
1789810772.419958548,0,0,2405,9.53,14277728,6904904,20978294354195,20977201823210
1789810772.952207548,0,0,2405,9.51,14277731,6904904,20978294354195,20977201823210
1789810773.487949930,0,0,2405,9.51,14277732,6904904,20978294354195,20977201823210
1789810774.020984959,0,0,2405,9.52,14277734,6904904,20978294354195,20977201823210
1789810774.555161074,0,0,2405,9.50,14277734,6904904,20978294354195,20977201823210
1789810775.090555649,0,0,2405,9.50,14277736,6904904,20978294354195,20977201823210
1789810775.624728851,0,0,2405,9.51,14277737,6904904,20978294354195,20977201823210
1789810776.156067677,0,0,2405,9.51,14277739,6904904,20978294354195,20977201823210
1789810776.688153509,0,0,2405,9.51,14277740,6904904,20978294354195,20977201823210
1789810777.221454202,0,0,2405,9.52,14277741,6904904,20978294354195,20977201823210
1789810777.755383293,0,0,2405,9.50,14277742,6904904,20978294354195,20977201823210
1789810778.289080416,0,0,2405,9.51,14277744,6904904,20978294354195,20977201823210
1789810778.823511553,0,0,2405,9.52,14277746,6904904,20978294354195,20977201823210
1789810779.357210725,0,0,2405,9.52,14277746,6904904,20978294354195,20977201823210
1789810779.889635036,0,0,2405,9.53,14277748,6904904,20978294354195,20977201823210
1789810780.423519743,0,0,2405,9.53,14277749,6904904,20978294354195,20977201823210
1789810780.957372483,0,0,2405,9.52,14277750,6904904,20978294354195,20977201823210
1789810781.490746775,0,0,2405,9.52,14277753,6904904,20978294354195,20977201823210
1789810782.022982271,0,0,2405,9.52,14277753,6904904,20978294354195,20977201823210
1789810782.554361080,0,0,2405,9.51,14277755,6904904,20978294354195,20977201823210
1789810783.089285641,0,0,2405,9.51,14277757,6904904,20978294354195,20977201823210
1789810783.625908005,0,0,2405,9.51,14277758,6904904,20978294354195,20977201823210
1789810784.160363014,0,0,2405,9.53,14277759,6904904,20978294354195,20977201823210
1789810784.695905444,0,0,2405,9.51,14277761,6904904,20978294354195,20977201823210
1789810785.230315415,0,0,2405,9.50,14277763,6904904,20978294354195,20977201823210
1789810785.762979501,0,0,2405,9.51,14277763,6904904,20978294354195,20977201823210
1789810786.294878181,0,0,2405,9.51,14277765,6904904,20978294354195,20977201823210
1789810786.829680486,0,0,2405,9.53,14277767,6904904,20978294354195,20977201823210
1789810787.364188472,0,0,2405,9.98,14277768,6904904,20978294354195,20977201823210
1789810787.896376319,0,0,2405,9.92,14277769,6904904,20978294354195,20977201823210
1789810788.429431957,0,0,2405,9.52,14277770,6904904,20978294354195,20977201823210
1789810788.963802119,0,0,2405,9.51,14277772,6904904,20978294354195,20977201823210
1789810789.496003214,0,0,2405,9.50,14277773,6904904,20978294354195,20977201823210
1789810790.028990723,0,0,2405,9.51,14277774,6904904,20978294354195,20977201823210
1789810790.562006281,0,0,2405,9.52,14277776,6904904,20978294354195,20977201823210
1789810791.096971577,0,0,2405,9.50,14277777,6904904,20978294354195,20977201823210
1789810791.629904543,0,0,2405,9.50,14277779,6904904,20978294354195,20977201823210
1789810792.165023375,0,0,2405,9.51,14277780,6904904,20978294354195,20977201823210
1789810792.702483785,0,0,2405,9.52,14277781,6904904,20978294354195,20977201823210
1789810793.236918251,0,0,2405,9.51,14277783,6904904,20978294354195,20977201823210
1789810793.772498953,0,0,2405,9.51,14277784,6904904,20978294354195,20977201823210
1789810794.306805243,0,0,2405,9.52,14277786,6904904,20978294354195,20977201823210
1789810794.840140144,0,0,2405,9.53,14277787,6904904,20978294354195,20977201823210
1789810795.373664260,0,0,2405,9.51,14277788,6904904,20978294354195,20977201823210
1789810795.907511287,0,0,2405,9.50,14277790,6904904,20978294354195,20977201823210
1789810796.440123645,0,0,2405,9.51,14277791,6904904,20978294354195,20977201823210
1789810796.972911715,0,0,2405,9.51,14277792,6904904,20978294354195,20977201823210
1789810797.508491986,0,0,2405,9.52,14277793,6904904,20978294354195,20977201823210
1789810798.042237158,0,0,2405,9.52,14277795,6904904,20978294354195,20977201823210
1789810798.576059113,0,0,2405,9.51,14277796,6904904,20978294354195,20977201823210
1789810799.108908895,0,0,2405,9.54,14277798,6904904,20978294354195,20977201823210
1789810799.641950245,0,0,2405,9.54,14277799,6904904,20978294354195,20977201823210
1789810800.172447457,0,0,2405,9.53,14277800,6904904,20978294354195,20977201823210
1789810800.705730549,0,0,2405,9.53,14277802,6904904,20978294354195,20977201823210
1789810801.240297639,0,0,2405,9.54,14277803,6904904,20978294354195,20977201823210
1789810801.776245157,0,0,2405,9.52,14277804,6904904,20978294354195,20977201823210
1789810802.313369631,0,0,2405,9.52,14277806,6904904,20978294354195,20977201823210
1789810802.849484332,0,0,2405,9.53,14277806,6904904,20978294354195,20977201823210
1789810803.381329061,0,0,2405,9.56,14277808,6904904,20978294354195,20977201823210
1789810803.914070363,0,0,2405,9.55,14277809,6904904,20978294354195,20977201823210
1789810804.446319650,0,0,2405,9.55,14277811,6904904,20978294354195,20977201823210
1789810804.980886964,0,0,2405,9.56,14277813,6904904,20978294354195,20977201823210
1789810805.515718948,0,0,2405,9.55,14277814,6904904,20978294354195,20977201823210
1789810806.052041633,0,0,2405,9.56,14277815,6904904,20978294354195,20977201823210
1789810806.585095142,0,0,2405,9.57,14277817,6904904,20978294354195,20977201823210
1789810807.118208908,0,0,2405,9.56,14277819,6904904,20978294354195,20977201823210
1789810807.651849856,0,0,2405,9.54,14277820,6904904,20978294354195,20977201823210
1789810808.184519910,0,0,2405,9.54,14277821,6904904,20978294354195,20977201823210
1789810808.717722731,0,0,2405,9.55,14277823,6904904,20978294354195,20977201823210
1789810809.250712433,0,0,2405,9.54,14277825,6904904,20978294354195,20977201823210
1789810809.784262981,0,0,2405,9.54,14277825,6904904,20978294354195,20977201823210
1789810810.316195549,0,0,2405,9.54,14277827,6904904,20978294354195,20977201823210
1789810810.852026539,0,0,2405,9.54,14277828,6904904,20978294354195,20977201823210
1789810811.386351645,0,0,2405,9.55,14277830,6904904,20978294354195,20977201823210
1789810811.922700746,0,0,2405,9.54,14277831,6904904,20978294354195,20977201823210
1789810812.456404445,0,0,2405,9.54,14277833,6904904,20978294354195,20977201823210
1789810812.991248270,0,0,2405,9.54,14277834,6904904,20978294354195,20977201823210
1789810813.524663634,0,0,2405,9.54,14277836,6904904,20978294354195,20977201823210
1789810814.061138959,0,0,2405,9.55,14277837,6904904,20978294354195,20977201823210
1789810814.597078764,0,0,2405,9.53,14277838,6904904,20978294354195,20977201823210
1789810815.132938858,0,0,2405,9.53,14277840,6904904,20978294354195,20977201823210
1789810815.668851704,0,0,2405,9.53,14277841,6904904,20978294354195,20977201823210
1789810816.201146256,0,0,2405,9.54,14277843,6904904,20978294354195,20977201823210
1789810816.734751284,0,0,2405,9.52,14277844,6904904,20978294354195,20977201823210
1789810817.268436007,0,0,2405,9.51,14277846,6904904,20978294354195,20977201823210
1789810817.803464487,0,0,2405,9.51,14277847,6904904,20978294354195,20977201823210
1789810818.337175035,0,0,2405,9.50,14277848,6904904,20978294354195,20977201823210
1789810818.870423648,0,0,2405,9.50,14277850,6904904,20978294354195,20977201823210
1789810819.403843140,0,0,2405,9.52,14277851,6904904,20978294354195,20977201823210
1789810819.937634280,0,0,2405,9.86,14277851,6904904,20978294354195,20977201823210
1789810820.473151959,0,0,2405,9.99,14277853,6904904,20978294354195,20977201823210
1789810821.004640400,0,0,2405,9.61,14277854,6904904,20978294354195,20977201823210
1789810821.538146613,0,0,2405,9.56,14277856,6904904,20978294354195,20977201823210
1789810822.072238295,0,0,2405,9.53,14277857,6904904,20978294354195,20977201823210
1789810822.606042394,0,0,2405,9.53,14277858,6904904,20978294354195,20977201823210
1789810823.140976171,0,0,2405,9.54,14277859,6904904,20978294354195,20977201823210
1789810823.674181792,0,0,2405,9.54,14277861,6904904,20978294354195,20977201823210
1789810824.207219621,0,0,2405,9.54,14277862,6904904,20978294354195,20977201823210
1789810824.740526042,0,0,2405,9.53,14277864,6904904,20978294354195,20977201823210
1789810825.278807761,0,0,2405,9.52,14277865,6904904,20978294354195,20977201823210
1789810825.812426357,0,0,2405,9.53,14277866,6904904,20978294354195,20977201823210
1789810826.346627863,0,0,2405,9.55,14277868,6904904,20978294354195,20977201823210
1789810826.880950409,0,0,2405,9.54,14277870,6904904,20978294354195,20977201823210
1789810827.414786557,0,0,2405,9.54,14277870,6904904,20978294354195,20977201823210
1789810827.947307347,0,0,2405,9.53,14277872,6904904,20978294354195,20977201823210
1789810828.480017529,0,0,2405,9.54,14277874,6904904,20978294354195,20977201823210
1789810829.013797980,0,0,2405,9.56,14277875,6904904,20978294354195,20977201823210
1789810829.546542850,0,0,2405,9.56,14277876,6904904,20978294354195,20977201823210
1789810830.080633253,0,0,2405,9.55,14277878,6904904,20978294354195,20977201823210
1789810830.614510584,0,0,2405,9.55,14277879,6904904,20978294354195,20977201823210
1789810831.146841840,0,0,2405,9.56,14277880,6904904,20978294354195,20977201823210
1789810831.679871301,0,0,2405,9.56,14277882,6904904,20978294354195,20977201823210
1789810832.212848123,0,0,2405,9.55,14277883,6904904,20978294354195,20977201823210
1789810832.746038480,0,0,2405,9.55,14277885,6904904,20978294354195,20977201823210
1789810833.279036309,0,0,2405,9.56,14277885,6904904,20978294354195,20977201823210
1789810833.810451742,0,0,2405,9.54,14277887,6904904,20978294354195,20977201823210
1789810834.343398005,0,0,2405,9.55,14277889,6904904,20978294354195,20977201823210
1789810834.879104355,0,0,2405,9.56,14277890,6904904,20978294354195,20977201823210
1789810835.411648970,0,0,2405,9.54,14277891,6904904,20978294354195,20977201823210
1789810835.947547991,0,0,2405,9.54,14277892,6904904,20978294354195,20977201823210
1789810836.481310779,0,0,2405,9.54,14277894,6904904,20978294354195,20977201823210
1789810837.015264062,0,0,2405,9.52,14277896,6904904,20978294354195,20977201823210
1789810837.549180417,0,0,2405,9.53,14277897,6904904,20978294354195,20977201823210
1789810838.084465809,0,0,2405,9.53,14277898,6904904,20978294354195,20977201823210
1789810838.618649203,0,0,2405,9.53,14277900,6904904,20978294354195,20977201823210
1789810839.151238762,0,0,2405,9.52,14277901,6904904,20978294354195,20977201823210
1789810839.686231594,0,0,2405,9.54,14277902,6904904,20978294354195,20977201823210
1789810840.217086502,0,0,2405,9.55,14277904,6904904,20978294354195,20977201823210
1789810840.749238509,0,0,2405,9.56,14277905,6904904,20978294354195,20977201823210
1789810841.287795508,0,0,2405,9.56,14277907,6904904,20978294354195,20977201823210
1789810841.823795874,0,0,2405,9.54,14277908,6904904,20978294354195,20977201823210
1789810842.357016248,0,0,2405,9.54,14277909,6904904,20978294354195,20977201823210
1789810842.891403161,0,0,2405,9.54,14277910,6904904,20978294354195,20977201823210
1789810843.425310461,0,0,2405,9.54,14277912,6904904,20978294354195,20977201823210
1789810843.959090128,0,0,2405,9.56,14277913,6904904,20978294354195,20977201823210
1789810844.494455856,0,0,2405,9.54,14277915,6904904,20978294354195,20977201823210
1789810845.031110491,0,0,2405,9.53,14277916,6904904,20978294354195,20977201823210
1789810845.564055905,0,0,2405,9.53,14277918,6904904,20978294354195,20977201823210
1789810846.095696539,0,0,2405,9.53,14277918,6904904,20978294354195,20977201823210
1789810846.628058818,0,0,2405,9.55,14277920,6904904,20978294354195,20977201823210
1789810847.165134125,0,0,2405,9.56,14277921,6904904,20978294354195,20977201823210
1789810847.701596345,0,0,2405,9.57,14277923,6904904,20978294354195,20977201823210
1789810848.235515628,0,0,2405,9.55,14277924,6904904,20978294354195,20977201823210
1789810848.771270459,0,0,2405,9.55,14277926,6904904,20978294354195,20977201823210
1789810849.306614538,0,0,2405,9.54,14277926,6904904,20978294354195,20977201823210
1789810849.841647834,0,0,2405,9.55,14277928,6904904,20978294354195,20977201823210
1789810850.378533894,0,0,2405,9.53,14277929,6904904,20978294354195,20977201823210
1789810850.912711144,0,0,2405,9.53,14277931,6904904,20978294354195,20977201823210
1789810851.446131053,0,0,2405,9.54,14277932,6904904,20978294354195,20977201823210
1789810851.980831550,0,0,2405,9.54,14277934,6904904,20978294354195,20977201823210
1789810852.513489060,0,0,2405,9.69,14277935,6904904,20978294354195,20977201823210
1789810853.048218005,0,0,2405,9.98,14277936,6904904,20978294354195,20977201823210
1789810853.583616725,0,0,2405,9.77,14277937,6904904,20978294354195,20977201823210
1789810854.117668439,0,0,2405,9.54,14277939,6904904,20978294354195,20977201823210
1789810854.650581421,0,0,2405,9.53,14277941,6904904,20978294354195,20977201823210
1789810855.183210819,0,0,2405,9.53,14277942,6904904,20978294354195,20977201823210
1789810855.719436977,0,0,2405,9.55,14277943,6904904,20978294354195,20977201823210
1789810856.253250228,0,0,2405,9.53,14277944,6904904,20978294354195,20977201823210
1789810856.786171194,0,0,2405,9.54,14277946,6904904,20978294354195,20977201823210
1789810857.321171274,0,0,2405,9.55,14277947,6904904,20978294354195,20977201823210
1789810857.854240960,0,0,2405,9.55,14277949,6904904,20978294354195,20977201823210
1789810858.388613905,0,0,2405,9.55,14277950,6904904,20978294354195,20977201823210
1789810858.922855475,0,0,2405,9.54,14277952,6904904,20978294354195,20977201823210
1789810859.455134411,0,0,2405,9.52,14277952,6904904,20978294354195,20977201823210
1789810859.990570762,0,0,2405,9.52,14277954,6904904,20978294354195,20977201823210
1789810860.533670965,0,0,2405,9.51,14277955,6904904,20978294354195,20977201823210
1789810861.068864212,0,0,2405,9.52,14277957,6904904,20978294354195,20977201823210
1789810861.601849658,0,0,2405,9.53,14277958,6904904,20978294354195,20977201823210
1789810862.135871741,0,0,2405,9.53,14277959,6904904,20978294354195,20977201823210
1789810862.668774675,0,0,2405,9.53,14277961,6904904,20978294354195,20977201823210
1789810863.201242377,0,0,2405,9.53,14277963,6904904,20978294354195,20977201823210
1789810863.733641169,0,0,2405,9.52,14277964,6904904,20978294354195,20977201823210
1789810864.267656739,0,0,2405,9.52,14277965,6904904,20978294354195,20977201823210
1789810864.802211269,0,0,2405,9.53,14277966,6904904,20978294354195,20977201823210
1789810865.334309309,0,0,2405,9.53,14277968,6904904,20978294354195,20977201823210
1789810865.867235938,0,0,2405,9.53,14277969,6904904,20978294354195,20977201823210
1789810866.400807398,0,0,2405,9.53,14277971,6904904,20978294354195,20977201823210
1789810866.933812204,0,0,2405,9.53,14277972,6904904,20978294354195,20977201823210
1789810867.469681498,0,0,2405,9.52,14277973,6904904,20978294354195,20977201823210
1789810868.003999196,0,0,2405,9.53,14277975,6904904,20978294354195,20977201823210
1789810868.536658066,0,0,2405,9.52,14277976,6904904,20978294354195,20977201823210
1789810869.072353232,0,0,2405,9.51,14277977,6904904,20978294354195,20977201823210
1789810869.609096476,0,0,2405,9.51,14277978,6904904,20978294354195,20977201823210
1789810870.142792480,0,0,2405,9.51,14277979,6904904,20978294354195,20977201823210
1789810870.675590102,0,0,2405,9.51,14277981,6904904,20978294354195,20977201823210
1789810871.210029991,0,0,2405,9.51,14277982,6904904,20978294354195,20977201823210
1789810871.743714043,0,0,2405,9.52,14277984,6904904,20978294354195,20977201823210
1789810872.275780467,0,0,2405,9.53,14277985,6904904,20978294354195,20977201823210
1789810872.808945576,0,0,2405,9.54,14277986,6904904,20978294354195,20977201823210
1789810873.342047998,0,0,2405,9.54,14277988,6904904,20978294354195,20977201823210
1789810873.875942401,0,0,2405,9.53,14277990,6904904,20978294354195,20977201823210
1789810874.412812172,0,0,2405,9.53,14277991,6904904,20978294354195,20977201823210
1789810874.948174940,0,0,2405,9.54,14277992,6904904,20978294354195,20977201823210
1789810875.480342164,0,0,2405,9.55,14277994,6904904,20978294354195,20977201823210
1789810876.015731587,0,0,2405,9.53,14277995,6904904,20978294354195,20977201823210
1789810876.545700272,0,0,2405,9.53,14277996,6904904,20978294354195,20977201823210
1789810877.079286692,0,0,2405,9.55,14277998,6904904,20978294354195,20977201823210
1789810877.610438927,0,0,2405,9.54,14277999,6904904,20978294354195,20977201823210
1789810878.143802947,0,0,2405,9.55,14278001,6904904,20978294354195,20977201823210
1789810878.676422122,0,0,2405,9.54,14278002,6904904,20978294354195,20977201823210
1789810879.209809727,0,0,2405,9.54,14278004,6904904,20978294354195,20977201823210
1789810879.743131124,0,0,2405,9.53,14278004,6904904,20978294354195,20977201823210
1789810880.276885415,0,0,2405,9.52,14278006,6904904,20978294354195,20977201823210
1789810880.812993013,0,0,2405,9.52,14278007,6904904,20978294354195,20977201823210
1789810881.345022349,0,0,2405,9.53,14278009,6904904,20978294354195,20977201823210
1789810881.877719219,0,0,2405,9.52,14278010,6904904,20978294354195,20977201823210
1789810882.412173413,0,0,2405,9.49,14278011,6904904,20978294354195,20977201823210
1789810882.947293444,0,0,2405,9.50,14278013,6904904,20978294354195,20977201823210
1789810883.478544607,0,0,2405,9.52,14278014,6904904,20978294354195,20977201823210
1789810884.013032080,0,0,2405,9.52,14278015,6904904,20978294354195,20977201823210
1789810884.543673804,0,0,2405,9.53,14278017,6904904,20978294354195,20977201823210
1789810885.077231056,0,0,2405,9.53,14278018,6904904,20978294354195,20977201823210
1789810885.614302075,0,0,2405,9.97,14278019,6904904,20978294354195,20977201823210
1789810886.148470349,0,0,2405,9.95,14278021,6904904,20978294354195,20977201823210
1789810886.680939412,0,0,2405,9.52,14278022,6904904,20978294354195,20977201823210
1789810887.214372792,0,0,2405,9.50,14278023,6904904,20978294354195,20977201823210
1789810887.747652318,0,0,2405,9.51,14278025,6904904,20978294354195,20977201823210
1789810888.280796643,0,0,2405,9.52,14278026,6904904,20978294354195,20977201823210
1789810888.814320535,0,0,2405,9.51,14278027,6904904,20978294354195,20977201823210
1789810889.349120680,0,0,2405,9.52,14278029,6904904,20978294354195,20977201823210
1789810889.882863644,0,0,2405,9.52,14278030,6904904,20978294354195,20977201823210
1789810890.416139873,0,0,2405,9.51,14278032,6904904,20978294354195,20977201823210
1789810890.949741797,0,0,2405,9.51,14278033,6904904,20978294354195,20977201823210
1789810891.482861082,0,0,2405,9.51,14278035,6904904,20978294354195,20977201823210
1789810892.017268940,0,0,2405,9.51,14278036,6904904,20978294354195,20977201823210
1789810892.550079122,0,0,2405,9.51,14278038,6904904,20978294354195,20977201823210
1789810893.084619683,0,0,2405,9.51,14278039,6904904,20978294354195,20977201823210
1789810893.620155794,0,0,2405,9.52,14278040,6904904,20978294354195,20977201823210
1789810894.158679817,0,0,2405,9.52,14278041,6904904,20978294354195,20977201823210
1789810894.694563767,0,0,2405,9.52,14278042,6904904,20978294354195,20977201823210
1789810895.227274109,0,0,2405,9.53,14278043,6904904,20978294354195,20977201823210
1789810895.761051633,0,0,2405,9.53,14278045,6904904,20978294354195,20977201823210
1789810896.296333649,0,0,2405,9.51,14278046,6904904,20978294354195,20977201823210
1789810896.829616965,0,0,2405,9.51,14278048,6904904,20978294354195,20977201823210
1789810897.362517451,0,0,2405,9.52,14278049,6904904,20978294354195,20977201823210
1789810897.897679931,0,0,2405,9.52,14278050,6904904,20978294354195,20977201823210
1789810898.430284370,0,0,2405,9.54,14278051,6904904,20978294354195,20977201823210
1789810898.964684580,0,0,2405,9.55,14278052,6904904,20978294354195,20977201823210
1789810899.498502824,0,0,2405,9.56,14278054,6904904,20978294354195,20977201823210
1789810900.030152257,0,0,2405,9.55,14278056,6904904,20978294354195,20977201823210
1789810900.560737853,0,0,2405,9.55,14278057,6904904,20978294354195,20977201823210
1789810901.093783058,0,0,2405,9.54,14278058,6904904,20978294354195,20977201823210
1789810901.630070159,0,0,2405,9.53,14278059,6904904,20978294354195,20977201823210
1789810902.164328018,0,0,2405,9.52,14278061,6904904,20978294354195,20977201823210
1789810902.698063285,0,0,2405,9.53,14278063,6904904,20978294354195,20977201823210
1789810903.231645337,0,0,2405,9.55,14278064,6904904,20978294354195,20977201823210
1789810903.766594906,0,0,2405,9.54,14278065,6904904,20978294354195,20977201823210
1789810904.299744575,0,0,2405,9.52,14278067,6904904,20978294354195,20977201823210
1789810904.832595765,0,0,2405,9.53,14278068,6904904,20978294354195,20977201823210
1789810905.365716298,0,0,2405,9.53,14278070,6904904,20978294354195,20977201823210
1789810905.898951135,0,0,2405,9.55,14278071,6904904,20978294354195,20977201823210
1789810906.432964433,0,0,2405,9.54,14278072,6904904,20978294354195,20977201823210
1789810906.968913503,0,0,2405,9.53,14278074,6904904,20978294354195,20977201823210
1789810907.504261407,0,0,2405,9.53,14278075,6904904,20978294354195,20977201823210
1789810908.038636401,0,0,2405,9.54,14278076,6904904,20978294354195,20977201823210
1789810908.571992390,0,0,2405,9.52,14278078,6904904,20978294354195,20977201823210
1789810909.106111705,0,0,2405,9.52,14278079,6904904,20978294354195,20977201823210
1789810909.639135134,0,0,2405,9.52,14278080,6904904,20978294354195,20977201823210
1789810910.172666355,0,0,2405,9.51,14278082,6904904,20978294354195,20977201823210
1789810910.707391220,0,0,2405,9.52,14278083,6904904,20978294354195,20977201823210
1789810911.241050664,0,0,2405,9.53,14278083,6904904,20978294354195,20977201823210
1789810911.775289691,0,0,2405,9.51,14278085,6904904,20978294354195,20977201823210
1789810912.309335981,0,0,2405,9.51,14278086,6904904,20978294354195,20977201823210
1789810912.843069969,0,0,2405,9.50,14278088,6904904,20978294354195,20977201823210
1789810913.376744053,0,0,2405,9.50,14278089,6904904,20978294354195,20977201823210
1789810913.912310324,0,0,2405,9.51,14278091,6904904,20978294354195,20977201823210
1789810914.447255764,0,0,2405,9.52,14278091,6904904,20978294354195,20977201823210
1789810914.983714273,0,0,2405,9.53,14278093,6904904,20978294354195,20977201823210
1789810915.521775497,0,0,2405,9.53,14278095,6904904,20978294354195,20977201823210
1789810916.055993228,0,0,2405,9.50,14278096,6904904,20978294354195,20977201823210
1789810916.587485078,0,0,2405,9.52,14278098,6904904,20978294354195,20977201823210
1789810917.122509782,0,0,2405,9.54,14278099,6904904,20978294354195,20977201823210
1789810917.684556143,96,0,2405,16.73,14278140,6904904,20978359579486,20977268115449
1789810918.234636648,96,0,2405,37.78,14278250,6904954,20978509071639,20977416860803
1789810918.783926706,95,0,2405,44.18,14278351,6905009,20978618034654,20977525729605
1789810919.319425937,95,0,2405,27.24,14278409,6905016,20978621364969,20977528979328
1789810919.854210690,0,0,2405,10.84,14278464,6905016,20978621364969,20977528979328
1789810920.387431239,0,0,2405,9.76,14278466,6905016,20978621364969,20977528979328
1789810920.925824831,0,0,2405,9.73,14278468,6905016,20978621364969,20977528979328
1789810921.458396934,0,0,2405,9.73,14278469,6905016,20978621364969,20977528979328
1789810922.016879785,0,0,2405,13.87,14278495,6905016,20978661949397,20977570783439
1789810922.569596122,0,0,2405,37.92,14278607,6905059,20978841433633,20977748948683
1789810923.117880424,96,0,2405,52.93,14278718,6905114,20979016895279,20977924290886
1789810923.664629145,96,0,2561,52.55,14278829,6905169,20979189236873,20978097887747
1789810924.210751020,96,0,2561,52.26,14278939,6905223,20979359283184,20978266480251
1789810924.756802559,95,0,2561,52.46,14279050,6905278,20979527924298,20978435349305
1789810925.306856008,95,0,2561,52.52,14279161,6905333,20979699277041,20978606363950
1789810925.842165576,95,0,2561,46.94,14279251,6905379,20979794863455,20978701914605
1789810926.376719753,95,0,2561,24.88,14279305,6905379,20979794863455,20978701914605
1789810926.909956654,0,0,2561,10.20,14279346,6905379,20979794863455,20978701914605
1789810927.442038038,0,0,2561,10.11,14279347,6905379,20979794863455,20978701914605
1789810927.977373222,0,0,2561,10.00,14279349,6905379,20979794863455,20978701914605
1789810928.510599867,0,0,2561,9.90,14279350,6905379,20979794863455,20978701914605
1789810929.067652370,0,0,2561,18.93,14279398,6905379,20979869270364,20978777606565
1789810929.621439329,0,0,2561,42.02,14279510,6905432,20980047395599,20978954350335
1789810930.173708356,96,0,2541,52.41,14279622,6905487,20980221068500,20979129270111
1789810930.723588717,96,0,2541,52.33,14279732,6905542,20980393728587,20979300546366
1789810931.269935983,95,0,2541,52.72,14279843,6905597,20980563762865,20979471847313
1789810931.818375132,95,0,2541,52.88,14279954,6905652,20980735109319,20979641765638
1789810932.366489818,96,0,2541,52.78,14280064,6905707,20980903803424,20979811711595
1789810932.918335806,96,0,2541,52.28,14280176,6905762,20981073434615,20979981085822
1789810933.467090522,96,0,2541,52.71,14280287,6905817,20981242071052,20980148515145
1789810934.016162166,96,0,2541,52.79,14280398,6905872,20981409371922,20980315747055
1789810934.564500867,96,0,2541,52.92,14280509,6905927,20981576934877,20980484335854
1789810935.108155869,96,0,2541,53.05,14280618,6905981,20981741298036,20980648041056
1789810935.663336552,96,0,2535,52.58,14280731,6906037,20981909542204,20980816956623
1789810936.216268697,95,0,2535,53.06,14280842,6906092,20982078151743,20980984291524
1789810936.767448111,95,0,2535,53.30,14280954,6906148,20982245460267,20981151528826
1789810937.312408373,95,0,2535,53.22,14281064,6906202,20982408749687,20981314714783
1789810937.862884365,95,0,2535,53.07,14281175,6906257,20982572042486,20981477916055
1789810938.411378074,96,0,2535,53.23,14281286,6906312,20982739712079,20981645841403
1789810938.966469013,96,0,2535,52.95,14281399,6906367,20982902177628,20981809292462
1789810939.518837976,96,0,2535,53.23,14281510,6906422,20983068152718,20981973837420
1789810940.068614449,96,0,2535,53.58,14281621,6906478,20983234097862,20982139717277
1789810940.624386507,96,0,2535,53.65,14281733,6906533,20983398766068,20982304288314
1789810941.174890835,96,0,2535,53.63,14281844,6906588,20983561994735,20982467479796
1789810941.721889411,96,0,2535,53.52,14281955,6906643,20983727483585,20982632945644
1789810942.267131385,96,0,2535,53.44,14282065,6906698,20983886695436,20982792077717
1789810942.819024893,96,0,2535,53.80,14282176,6906753,20984049935750,20982955736913
1789810943.378668220,96,0,2535,53.89,14282290,6906809,20984215879069,20983122497401
1789810943.915888935,96,0,2535,45.97,14282356,6906851,20984294095128,20983199329012
1789810944.450941031,0,0,2535,23.19,14282410,6906851,20984294095128,20983199329012
1789810944.986511126,0,0,2535,10.75,14282447,6906851,20984294095128,20983199329012
1789810945.520752920,0,0,2535,10.65,14282447,6906851,20984294095128,20983199329012
1789810946.052929424,0,0,2535,10.61,14282449,6906851,20984294095128,20983199329012
1789810946.586175013,0,0,2535,10.57,14282451,6906851,20984294095128,20983199329012
1789810947.137723323,96,0,2424,18.56,14282497,6906851,20984364415122,20983269660058
1789810947.686497879,96,0,2424,42.59,14282607,6906902,20984541162021,20983446312856
1789810948.234802036,96,0,2424,53.40,14282718,6906957,20984714632210,20983619697745
1789810948.788937954,96,0,2424,53.18,14282831,6907013,20984887444195,20983792479323
1789810949.339619657,96,0,2424,53.59,14282941,6907068,20985056076484,20983961950634
1789810949.893218905,96,0,2424,53.69,14283053,6907123,20985228738810,20984133594479
1789810950.445007837,95,0,2424,53.72,14283165,6907178,20985397366210,20984302350894
1789810951.005412714,95,0,2424,53.30,14283278,6907234,20985569667775,20984474398839
1789810951.555844786,96,0,2424,50.02,14283389,6907289,20985706894258,20984612095241
1789810952.098092175,96,0,2424,45.73,14283499,6907344,20985831109211,20984738015819
1789810952.641243802,96,0,2541,45.95,14283608,6907398,20985958491012,20984864441335
1789810953.190646165,96,0,2541,49.34,14283719,6907453,20986119986532,20985025159803
1789810953.752437407,96,0,2541,53.56,14283833,6907509,20986289918939,20985195045609
1789810954.305908799,96,0,2541,53.88,14283944,6907565,20986455849713,20985360885724
1789810954.867356313,96,0,2541,53.81,14284058,6907620,20986625184881,20985530798808
1789810955.417103523,95,0,2541,53.96,14284168,6907676,20986789840545,20985695253510
1789810955.969739573,95,0,2541,54.13,14284281,6907731,20986958465506,20985863211655
1789810956.526926459,96,0,2541,53.94,14284393,6907786,20987123152100,20986029226511
1789810957.087579512,96,0,2541,54.01,14284506,6907843,20987289156982,20986195074582
1789810957.642924963,96,0,2522,54.42,14284619,6907898,20987455018872,20986360899738
1789810958.198948604,96,0,2522,54.58,14284730,6907954,20987618285910,20986522751087
1789810958.753399401,96,0,2522,54.67,14284843,6908010,20987782857779,20986688588892
1789810959.308442757,96,0,2522,54.74,14284955,6908065,20987951035591,20986855360276
1789810959.859645898,96,0,2522,54.96,14285067,6908121,20988112954083,20987017169225
1789810960.422278306,96,0,2522,54.87,14285180,6908177,20988278826127,20987183472839
1789810960.975267411,96,0,2522,55.01,14285292,6908232,20988443393243,20987347520055
1789810961.529313553,96,0,2522,55.23,14285403,6908287,20988607020808,20987512010970
1789810962.084424957,96,0,2522,55.26,14285516,6908343,20988769809627,20987673796613
1789810962.641503731,96,0,2515,54.72,14285628,6908398,20988931328418,20987835228961
1789810963.195552241,95,0,2515,55.06,14285741,6908455,20989094498689,20987998403463
1789810963.749774639,95,0,2515,55.14,14285853,6908509,20989255030449,20988158851089
1789810964.307074597,95,0,2515,55.24,14285966,6908566,20989418105949,20988321981048
1789810964.858657690,95,0,2515,55.51,14286076,6908621,20989577355210,20988482423370
1789810965.421769328,95,0,2515,55.54,14286190,6908677,20989741905615,20988645573689
1789810965.969794958,95,0,2515,55.46,14286301,6908731,20989901771809,20988805398188
1789810966.523549997,96,0,2515,55.04,14286413,6908787,20990059859833,20988964737708
1789810967.079021896,96,0,2515,55.57,14286526,6908842,20990223054903,20989126509635
1789810967.640136003,96,0,2515,55.78,14286638,6908899,20990384929009,20989289641141
1789810968.191695048,96,0,2515,55.51,14286750,6908954,20990542695210,20989447397705
1789810968.746040550,96,0,2515,55.57,14286862,6909009,20990701866420,20989605153210
1789810969.296710221,96,0,2515,55.53,14286974,6909064,20990859653995,20989762894424
1789810969.848344865,96,0,2515,55.50,14287085,6909120,20991016142948,20989919286347
1789810970.404451242,96,0,2515,55.37,14287198,6909176,20991176263990,20990079326835
1789810970.953953269,96,0,2515,55.72,14287308,6909231,20991332670227,20990236164858
1789810971.506107288,96,0,2515,55.71,14287420,6909286,20991489185285,20990392161625
1789810972.055095011,96,0,2515,55.74,14287531,6909340,20991645059205,20990548521575
1789810972.610258879,96,0,2515,55.78,14287643,6909396,20991802037291,20990706259192
1789810973.168217795,96,0,2515,55.97,14287756,6909452,20991962561422,20990866689308
1789810973.725672440,96,0,2515,55.89,14287868,6909507,20992119013323,20991021735850
1789810974.277120925,96,0,2515,55.74,14287980,6909563,20992275485559,20991178188479
1789810974.824437725,96,0,2515,55.87,14288090,6909618,20992430125455,20991332809465
1789810975.379506265,96,0,2515,55.83,14288202,6909673,20992584690354,20991487876627
1789810975.934765924,96,0,2515,55.83,14288315,6909729,20992740379612,20991642909862
1789810976.489435697,96,0,2515,56.13,14288427,6909784,20992898185083,20991800638872
1789810977.043483295,96,0,2515,56.08,14288539,6909840,20993052525591,20991955710948
1789810977.592584490,96,0,2515,55.08,14288644,6909895,20993188537073,20992091608731
1789810978.132463214,96,0,2424,36.50,14288704,6909909,20993205787126,20992108169336
1789810978.665450595,0,0,2424,14.19,14288759,6909909,20993205787126,20992108169336
1789810979.200844722,0,0,2424,11.65,14288766,6909909,20993205787126,20992108169336
1789810979.736673329,0,0,2424,11.55,14288768,6909909,20993205787126,20992108169336
1789810980.272985726,0,0,2424,11.52,14288769,6909909,20993205787126,20992108169336
1789810980.809041756,0,0,2424,11.46,14288770,6909909,20993205787126,20992108169336
1789810981.353872290,96,0,2424,32.22,14288854,6909930,20993339118973,20992241497871
1789810981.888516643,96,0,2424,33.91,14288913,6909935,20993343224978,20992245515861
1789810982.424178338,0,0,2424,12.18,14288966,6909935,20993343224978,20992245515861
1789810982.958843155,0,0,2424,11.43,14288968,6909935,20993343224978,20992245515861
1789810983.495020257,0,0,2424,11.35,14288969,6909935,20993343224978,20992245515861
1789810984.032271851,0,0,2424,11.31,14288971,6909935,20993343224978,20992245515861
1789810984.588580196,0,0,2424,16.10,14288998,6909936,20993385009356,20992288395865
1789810985.134443512,0,0,2424,38.49,14289109,6909983,20993543833806,20992446653810
1789810985.680414827,95,0,2528,49.00,14289208,6910038,20993660573246,20992564292106
1789810986.224045957,95,0,2528,37.10,14289310,6910092,20993681042822,20992583566384
1789810986.773506063,90,0,2528,30.70,14289418,6910147,20993702468341,20992604981026
1789810987.327423294,90,0,2528,32.50,14289528,6910203,20993725296502,20992627831369
1789810987.878820371,91,0,2528,32.72,14289637,6910258,20993748109653,20992650644167
1789810988.427999806,91,0,2528,32.70,14289746,6910314,20993770809087,20992673332864
1789810988.977396265,92,0,2528,32.77,14289855,6910369,20993793651595,20992696186041
1789810989.526286932,92,0,2528,32.65,14289964,6910424,20993816438695,20992718961652
1789810990.080330659,94,0,2528,32.44,14290075,6910480,20993839064993,20992741620180
1789810990.633700723,94,0,2528,32.53,14290185,6910536,20993862114972,20992764668703
1789810991.184661017,92,0,2541,32.64,14290295,6910592,20993885074026,20992787622828
1789810991.736779837,90,0,2541,32.62,14290405,6910647,20993907487209,20992810021095
1789810992.287823971,90,0,2541,32.72,14290514,6910703,20993930171929,20992832705649
1789810992.839728695,90,0,2541,32.72,14290624,6910758,20993953027937,20992855561263
1789810993.390601997,90,0,2541,32.65,14290734,6910813,20993975648076,20992878170817
1789810993.942383746,91,0,2541,32.72,14290843,6910869,20993998273734,20992900828269
1789810994.491403117,91,0,2541,32.77,14290952,6910924,20994020752188,20992923490206
1789810995.040772776,93,0,2541,32.69,14291062,6910980,20994043554985,20992946078136
1789810995.591837246,93,0,2541,32.77,14291171,6911035,20994066384297,20992968906699
1789810996.141565688,93,0,2541,32.86,14291280,6911090,20994088959971,20992991493756
1789810996.676680744,0,0,2437,24.40,14291346,6911101,20994093489764,20992995968678
1789810997.211408025,0,0,2437,13.20,14291400,6911101,20994093489764,20992995968678
1789810997.746224170,0,0,2437,11.45,14291402,6911101,20994093489764,20992995968678
1789810998.282612167,0,0,2437,11.41,14291404,6911101,20994093489764,20992995968678
1789810998.817755399,0,0,2437,11.36,14291404,6911101,20994093489764,20992995968678
1789810999.385506753,0,0,2437,12.49,14291420,6911101,20994113790726,20993016294145
1789810999.940382189,96,0,2437,36.79,14291532,6911137,20994292035322,20993195679015
1789811000.490743285,96,0,2437,55.34,14291644,6911192,20994467300191,20993369655136
1789811001.045807569,96,0,2437,55.27,14291755,6911247,20994638699171,20993540960682
1789811001.598591698,96,0,2437,54.94,14291867,6911303,20994809473075,20993711865975
1789811002.150406311,95,0,2515,55.58,14291979,6911358,20994979631766,20993883097719
1789811002.706536703,96,0,2515,55.88,14292091,6911414,20995152307320,20994054367781
1789811003.265163362,96,0,2515,55.82,14292204,6911470,20995323645014,20994225614226
1789811003.813366191,96,0,2515,55.62,14292315,6911524,20995493031817,20994394914586
1789811004.368611755,96,0,2515,55.20,14292427,6911580,20995659220854,20994561056363
1789811004.924719299,96,0,2515,55.72,14292540,6911635,20995828458971,20994730954401
1789811005.484120948,96,0,2515,56.02,14292652,6911692,20995997880865,20994900060439
1789811006.034447388,96,0,2515,55.88,14292764,6911746,20996163818887,20995065400134
1789811006.586594703,96,0,2515,55.76,14292876,6911802,20996328430925,20995229918335
1789811007.135540187,96,0,2515,55.45,14292986,6911857,20996492636160,20995394047698
1789811007.698038595,95,0,2515,55.76,14293100,6911913,20996661294771,20995562630079
1789811008.255051065,95,0,2515,56.13,14293213,6911969,20996828578358,20995729862702
1789811008.808525305,96,0,2515,56.12,14293324,6912025,20996994499862,20995895697159
1789811009.358430594,96,0,2515,56.06,14293435,6912079,20997156418504,20996057520429
1789811009.903814055,96,0,2515,56.20,14293545,6912134,20997320323871,20996221610839
1789811010.458375956,96,0,2515,55.78,14293658,6912190,20997482466503,20996383418838
1789811011.014614461,96,0,2515,56.12,14293770,6912245,20997647048201,20996547914791
1789811011.567272911,96,0,2515,56.59,14293881,6912301,20997813892009,20996715113675
1789811012.117808998,96,0,2515,56.58,14293992,6912356,20997976204497,20996876979443
1789811012.667707183,96,0,2515,56.25,14294104,6912411,20998136747953,20997037406178
1789811013.222542716,96,0,2515,56.30,14294215,6912466,20998300870713,20997201425406
1789811013.772630276,96,0,2515,56.40,14294327,6912521,20998464171324,20997364649374
1789811014.323170284,96,0,2515,56.66,14294439,6912577,20998624682495,20997525853432
1789811014.879919507,96,0,2515,56.49,14294551,6912632,20998786598082,20997686931392
1789811015.431751911,96,0,2515,56.69,14294662,6912687,20998949794837,20997851422046
1789811015.986100693,96,0,2515,56.58,14294774,6912742,20999110359352,20998010535462
1789811016.539270261,96,0,2515,56.64,14294886,6912798,20999272238606,20998172316524
1789811017.096779099,95,0,2515,56.50,14294998,6912854,20999435046007,20998335075448
1789811017.651561271,95,0,2515,56.57,14295110,6912909,20999595609270,20998495567698
1789811018.207819263,95,0,2515,56.56,14295223,6912964,20999757473991,20998657351695
1789811018.750238284,95,0,2515,56.60,14295333,6913020,20999908556760,20998808871300
1789811019.297809836,96,0,2515,46.75,14295443,6913074,20999989354928,20998889275412
1789811019.843980943,96,0,2515,39.38,14295553,6913129,21000078674464,20998980065228
1789811020.385341950,96,0,2515,41.41,14295661,6913183,21000171637990,20999071794926
1789811020.943361666,96,0,2515,47.04,14295775,6913238,21000313252315,20999213408561
1789811021.499222956,96,0,2515,55.24,14295886,6913294,21000471062692,20999371160589
1789811022.054361991,96,0,2515,56.89,14295999,6913350,21000632932030,20999532957017
1789811022.607895319,96,0,2515,56.87,14296111,6913405,21000792116616,20999692049237
1789811023.159229468,96,0,2515,56.93,14296222,6913460,21000948568963,20999849198684
1789811023.705759118,96,0,2515,56.92,14296332,6913514,21001106348011,21000007095589
1789811024.261011498,96,0,2515,56.72,14296444,6913570,21001263784190,21000163503902
1789811024.810373988,96,0,2515,56.91,14296555,6913625,21001420199382,21000319878547
1789811025.363045302,96,0,2515,56.97,14296667,6913681,21001575366851,21000474955278
1789811025.914051228,96,0,2515,56.98,14296778,6913736,21001731791846,21000631347972
1789811026.462496713,96,0,2515,57.27,14296889,6913790,21001886907437,21000786381691
1789811027.016473640,96,0,2515,57.16,14297002,6913846,21002044733085,21000944138427
1789811027.566830768,96,0,2515,56.98,14297112,6913901,21002197168036,21001096500094
1789811028.116620922,96,0,2515,57.05,14297223,6913956,21002350940803,21001250168313
1789811028.667286545,96,0,2515,57.15,14297334,6914012,21002506727580,21001405908481
1789811029.216263772,96,0,2515,57.54,14297446,6914066,21002660905079,21001561159079
1789811029.768130944,96,0,2515,57.44,14297557,6914121,21002817136518,21001716208981
1789811030.328678558,96,0,2515,56.98,14297671,6914178,21002972273851,21001871308386
1789811030.879140245,96,0,2515,56.22,14297780,6914232,21003108780235,21002007876455
1789811031.414896724,48,0,2515,38.74,14297839,6914248,21003128424711,21002027393015
1789811031.950313315,48,0,2515,16.09,14297893,6914248,21003128424711,21002027393015
1789811032.486491344,0,0,2515,12.26,14297904,6914248,21003128424711,21002027393015
1789811033.022127391,0,0,2515,12.16,14297906,6914248,21003128424711,21002027393015
1789811033.555669267,0,0,2515,12.09,14297906,6914248,21003128424711,21002027393015
1789811034.092386703,0,0,2515,12.01,14297908,6914248,21003128424711,21002027393015
1789811034.625635781,0,0,2515,11.97,14297910,6914248,21003128424711,21002027393015
1789811035.159875655,0,0,2405,11.92,14297910,6914248,21003128424711,21002027393015
1789811035.694982502,0,0,2405,11.85,14297912,6914248,21003128424711,21002027393015
1789811036.231312611,0,0,2405,11.85,14297913,6914248,21003128424711,21002027393015
1789811036.769042973,0,0,2405,11.82,14297915,6914248,21003128424711,21002027393015
1789811037.300849110,0,0,2405,11.75,14297917,6914248,21003128424711,21002027393015
1789811037.835975493,0,0,2405,11.71,14297917,6914248,21003128424711,21002027393015
1789811038.371680564,0,0,2405,11.72,14297919,6914248,21003128424711,21002027393015
1789811038.906029927,0,0,2405,11.71,14297920,6914248,21003128424711,21002027393015
1789811039.440730424,0,0,2405,11.64,14297922,6914248,21003128424711,21002027393015
1789811039.974892906,0,0,2405,11.61,14297923,6914248,21003128424711,21002027393015
1789811040.512133221,0,0,2405,11.59,14297925,6914248,21003128424711,21002027393015
1789811041.046358791,0,0,2405,11.60,14297926,6914248,21003128424711,21002027393015
1789811041.580477034,0,0,2405,11.57,14297927,6914248,21003128424711,21002027393015
1789811042.114400285,0,0,2405,11.51,14297928,6914248,21003128424711,21002027393015
1789811042.648195153,0,0,2405,11.50,14297930,6914248,21003128424711,21002027393015
1789811043.181299494,0,0,2405,11.50,14297931,6914248,21003128424711,21002027393015
1789811043.714517243,0,0,2405,11.48,14297933,6914248,21003128424711,21002027393015
1789811044.250231962,0,0,2405,11.46,14297934,6914248,21003128424711,21002027393015
1789811044.785258250,0,0,2405,11.45,14297936,6914248,21003128424711,21002027393015
1789811045.321042392,0,0,2405,11.42,14297937,6914248,21003128424711,21002027393015
1789811045.854180974,0,0,2405,11.38,14297938,6914248,21003128424711,21002027393015
1789811046.387638498,0,0,2405,11.37,14297939,6914248,21003128424711,21002027393015
1789811046.920163529,0,0,2405,11.35,14297941,6914248,21003128424711,21002027393015
1789811047.454072061,0,0,2405,11.35,14297943,6914248,21003128424711,21002027393015
1789811047.989540044,0,0,2405,11.34,14297943,6914248,21003128424711,21002027393015
1789811048.523700287,0,0,2405,11.31,14297945,6914248,21003128424711,21002027393015
1789811049.057708578,0,0,2405,11.30,14297948,6914248,21003128424711,21002027393015
1789811049.591062982,0,0,2405,11.27,14297949,6914248,21003128424711,21002027393015
1789811050.126978277,0,0,2405,11.25,14297951,6914248,21003128424711,21002027393015
1789811050.662465683,0,0,2405,11.23,14297952,6914248,21003128424711,21002027393015
1789811051.196042216,0,0,2405,11.22,14297953,6914248,21003128424711,21002027393015
1789811051.730675161,0,0,2405,11.16,14297954,6914248,21003128424711,21002027393015
1789811052.265308011,0,0,2405,11.11,14297956,6914248,21003128424711,21002027393015
1789811052.800035372,0,0,2405,11.11,14297957,6914248,21003128424711,21002027393015
1789811053.332772674,0,0,2405,11.36,14297958,6914248,21003128424711,21002027393015
1789811053.864231516,0,0,2405,11.56,14297960,6914248,21003128424711,21002027393015
1789811054.398855037,0,0,2405,11.20,14297961,6914248,21003128424711,21002027393015
1789811054.933772574,0,0,2405,11.04,14297963,6914248,21003128424711,21002027393015
1789811055.468676926,0,0,2405,11.04,14297964,6914248,21003128424711,21002027393015
1789811055.999198827,0,0,2405,11.07,14297965,6914248,21003128424711,21002027393015
