1789810908.323514319,0,0,2405,10.32,14005484,20977201823210,20978294354195
1789810908.856767608,0,0,2405,10.35,14005485,20977201823210,20978294354195
1789810909.390264913,0,0,2405,10.34,14005486,20977201823210,20978294354195
1789810909.924482666,0,0,2405,10.32,14005488,20977201823210,20978294354195
1789810910.456893652,0,0,2405,10.31,14005489,20977201823210,20978294354195
1789810910.987318079,0,0,2405,10.32,14005491,20977201823210,20978294354195
1789810911.519696312,0,0,2405,10.32,14005492,20977201823210,20978294354195
1789810912.051935745,0,0,2405,10.34,14005493,20977201823210,20978294354195
1789810912.587293481,0,0,2405,10.32,14005495,20977201823210,20978294354195
1789810913.119799859,0,0,2405,10.31,14005496,20977201823210,20978294354195
1789810913.652490060,0,0,2405,10.32,14005497,20977201823210,20978294354195
1789810914.184153766,0,0,2405,10.31,14005498,20977201823210,20978294354195
1789810914.718343534,0,0,2405,10.29,14005500,20977201823210,20978294354195
1789810915.250486056,0,0,2405,10.31,14005502,20977201823210,20978294354195
1789810915.785546464,0,0,2405,10.32,14005503,20977201823210,20978294354195
1789810916.319524952,0,0,2405,10.30,14005504,20977201823210,20978294354195
1789810916.852950161,0,0,2405,10.31,14005506,20977201823210,20978294354195
1789810917.386497946,0,0,2405,10.31,14005507,20977201823210,20978294354195
1789810917.931060526,0,0,2405,28.14,14005597,20977341914590,20978434504217
1789810918.476567057,0,0,2405,47.12,14005708,20977474871749,20978567322257
1789810919.009590361,96,0,2405,39.01,14005769,20977528979328,20978621364969
1789810919.541205346,0,0,2405,20.49,14005770,20977528979328,20978621364969
1789810920.072279676,0,0,2405,10.47,14005772,20977528979328,20978621364969
1789810920.603482037,0,0,2405,10.43,14005773,20977528979328,20978621364969
1789810921.134699326,0,0,2405,10.42,14005775,20977528979328,20978621364969
1789810921.666932775,0,0,2405,10.41,14005776,20977528979328,20978621364969
1789810922.214307849,0,0,2405,23.25,14005841,20977632134453,20978725527196
1789810922.760371931,96,0,2405,46.68,14005951,20977809312780,20978902186990
1789810923.310687051,96,0,2405,53.57,14006064,20977983375923,20979076020818
1789810923.862954123,96,0,2405,53.88,14006176,20978156016298,20979248745854
1789810924.412167691,96,0,2405,53.85,14006287,20978327311290,20979420138294
1789810924.963138875,96,0,2405,53.78,14006399,20978495924011,20979589300805
1789810925.529873620,96,0,2405,53.36,14006513,20978664471005,20979757420583
1789810926.062342060,94,0,2457,39.21,14006548,20978701914605,20979794863455
1789810926.595685044,0,0,2457,17.77,14006550,20978701914605,20979794863455
1789810927.128261100,0,0,2457,10.80,14006551,20978701914605,20979794863455
1789810927.659311893,0,0,2457,10.78,14006553,20978701914605,20979794863455
1789810928.190717853,0,0,2457,10.73,14006554,20978701914605,20979794863455
1789810928.722035669,0,0,2457,10.65,14006556,20978701914605,20979794863455
1789810929.267730775,0,0,2457,28.24,14006643,20978840555735,20979933601087
1789810929.823200325,96,0,2457,51.36,14006755,20979014774956,20980109005902
1789810930.374995987,96,0,2457,54.11,14006868,20979188753077,20980281917122
1789810930.925320243,96,0,2457,54.28,14006979,20979361376412,20980454589382
1789810931.477113234,96,0,2457,54.20,14007091,20979532708963,20980626017211
1789810932.028389601,96,0,2457,54.02,14007203,20979704902117,20980799173918
1789810932.585206205,96,0,2515,54.28,14007316,20979876206649,20980969667494
1789810933.146859335,96,0,2515,54.22,14007430,20980048850585,20981142425014
1789810933.698434662,96,0,2515,54.35,14007542,20980216110378,20981309862610
1789810934.244572999,96,0,2515,54.33,14007652,20980384160298,20981477915443
1789810934.789921513,96,0,2515,54.20,14007763,20980551537650,20981645272148
1789810935.342828295,96,0,2515,54.42,14007875,20980718777621,20981812555950
1789810935.892950614,96,0,2515,54.50,14007987,20980884512027,20981978511118
1789810936.442358773,96,0,2515,54.85,14008098,20981051870997,20982145774817
1789810936.991060597,96,0,2515,54.77,14008210,20981215074031,20982310436676
1789810937.538030150,96,0,2496,54.34,14008321,20981380568997,20982474678859
1789810938.087756501,94,0,2496,54.64,14008432,20981545100701,20982639249995
1789810938.640501331,94,0,2496,54.78,14008545,20981710974553,20982805249164
1789810939.187793443,94,0,2496,54.79,14008655,20981872841245,20982967100728
1789810939.741520736,94,0,2496,54.99,14008767,20982038727896,20983133077589
1789810940.286446033,96,0,2496,55.10,14008878,20982203992245,20983298449834
1789810940.846996443,96,0,2496,54.81,14008992,20982368782466,20983463269473
1789810941.404342902,96,0,2496,55.28,14009105,20982536000502,20983630565071
1789810941.967923711,96,0,2496,55.32,14009218,20982701888205,20983797823090
1789810942.519851660,96,0,2496,55.22,14009331,20982865061313,20983959711086
1789810943.065312957,96,0,2502,55.39,14009442,20983026921031,20984121642150
1789810943.609745598,96,0,2502,55.32,14009535,20983188102826,20984282933630
1789810944.144750724,0,0,2502,36.77,14009558,20983199329012,20984294095128
1789810944.676985963,0,0,2502,15.28,14009559,20983199329012,20984294095128
1789810945.208284578,0,0,2502,11.58,14009560,20983199329012,20984294095128
1789810945.742333736,0,0,2502,11.54,14009562,20983199329012,20984294095128
1789810946.275488910,0,0,2502,11.47,14009563,20983199329012,20984294095128
1789810946.809311508,0,0,2502,11.44,14009564,20983199329012,20984294095128
1789810947.356886931,45,0,2502,29.07,14009653,20983339393762,20984434308238
1789810947.905991393,45,0,2502,51.50,14009765,20983513491552,20984608347614
1789810948.456877695,96,0,2502,55.10,14009876,20983686065989,20984781065582
1789810949.004475870,96,0,2502,55.11,14009987,20983857333048,20984952337848
1789810949.550212510,96,0,2502,55.01,14010098,20984024548096,20985120333569
1789810950.102289307,96,0,2502,54.81,14010210,20984195379879,20985291931469
1789810950.666927506,96,0,2502,55.15,14010325,20984369352496,20985464557401
1789810951.216195904,94,0,2502,54.76,14010436,20984533914149,20985629155247
1789810951.764055455,94,0,2502,49.47,14010547,20984655956631,20985751888800
1789810952.314676285,96,0,2502,46.07,14010658,20984785600772,20985881366581
1789810952.874019126,96,0,2502,47.65,14010772,20984925544157,20986020325107
1789810953.432989487,96,0,2502,52.57,14010885,20985096752485,20986191748396
1789810953.980117294,96,0,2502,55.60,14010996,20985261953774,20986357516937
1789810954.529302172,96,0,2502,55.22,14011108,20985424430566,20986520755225
1789810955.082638712,96,0,2502,55.00,14011219,20985592578734,20986687643969
1789810955.629848807,96,0,2502,55.47,14011331,20985757025580,20986852215574
1789810956.184871042,96,0,2502,55.77,14011443,20985924188773,20987020077136
1789810956.738340878,96,0,2502,55.72,14011556,20986090039800,20987185370984
1789810957.287362380,95,0,2502,55.51,14011666,20986251828372,20987347283820
1789810957.837800297,95,0,2502,55.55,14011778,20986413641262,20987509176441
1789810958.390453189,96,0,2502,55.37,14011890,20986579106738,20987674694478
1789810958.955296619,96,0,2502,55.92,14012005,20986747653942,20987843305899
1789810959.507635543,96,0,2502,56.15,14012117,20986912122502,20988009174505
1789810960.058033012,96,0,2502,56.02,14012228,20987073946636,20988171092583
1789810960.604935362,96,0,2502,55.74,14012339,20987234408070,20988330247297
1789810961.154530687,96,0,2502,56.04,14012450,20987396198249,20988493454407
1789810961.706834107,96,0,2502,55.97,14012562,20987561626368,20988657615356
1789810962.264127989,96,0,2502,56.08,14012675,20987724751802,20988820788360
1789810962.823299629,96,0,2502,55.88,14012789,20987886580995,20988982716164
1789810963.382654198,96,0,2502,56.08,14012902,20988051110621,20989147224710
1789810963.929560964,96,0,2502,56.12,14013014,20988208864942,20989305048563
1789810964.482750143,96,0,2502,56.32,14013126,20988369280501,20989465552612
1789810965.032665164,96,0,2502,56.30,14013237,20988531769061,20989628324248
1789810965.581219961,96,0,2502,56.15,14013349,20988689778676,20989786148934
1789810966.132033253,96,0,2502,56.33,14013460,20988850234428,20989946643637
1789810966.686598031,96,0,2502,56.30,14013572,20989010696654,20990107191873
1789810967.245043224,94,0,2502,56.55,14013686,20989173805078,20990270388089
1789810967.802172177,94,0,2502,56.66,14013799,20989332902619,20990429555517
1789810968.349937406,95,0,2502,56.38,14013910,20989487958031,20990584665537
1789810968.893476126,95,0,2502,56.51,14014020,20989646422581,20990744467902
1789810969.442788122,95,0,2502,56.38,14014131,20989801698614,20990898844090
1789810969.993241558,95,0,2502,56.47,14014243,20989959441019,20991057670778
1789810970.543763426,94,0,2496,56.76,14014355,20990117177044,20991214144002
1789810971.098242956,96,0,2496,56.77,14014467,20990274947369,20991371886802
1789810971.646666681,96,0,2496,56.73,14014579,20990429997166,20991528401969
1789810972.200913907,96,0,2496,56.70,14014691,20990586369332,20991683439337
1789810972.746334705,96,0,2496,56.82,14014801,20990742755086,20991839921811
1789810973.294635614,96,0,2496,56.99,14014913,20990899138768,20991996399128
1789810973.845219657,96,0,2496,56.80,14015025,20991055140875,20992152417433
1789810974.403227954,96,0,2496,56.70,14015137,20991211580947,20992308908887
1789810974.958656059,96,0,2496,56.81,14015250,20991367945274,20992466635007
1789810975.511781941,96,0,2496,56.81,14015362,20991523028183,20992620445946
1789810976.067138158,96,0,2489,56.88,14015475,20991679396386,20992776888053
1789810976.622290615,96,0,2489,57.11,14015587,20991835796051,20992933350214
1789810977.180438047,96,0,2489,56.79,14015700,20991989509531,20993087067709
1789810977.725225757,96,0,2489,54.65,14015793,20992107318432,20993205024266
1789810978.256593106,0,0,2489,32.54,14015795,20992108169336,20993205787126
1789810978.789838373,0,0,2489,12.93,14015797,20992108169336,20993205787126
1789810979.321938569,0,0,2489,12.72,14015799,20992108169336,20993205787126
1789810979.856298332,0,0,2489,12.58,14015800,20992108169336,20993205787126
1789810980.389118991,0,0,2489,12.44,14015801,20992108169336,20993205787126
1789810980.939346090,0,0,2489,14.34,14015819,20992128642730,20993226283941
1789810981.475202220,96,0,2489,35.29,14015892,20992245515861,20993343224978
1789810982.007488049,96,0,2489,30.50,14015893,20992245515861,20993343224978
1789810982.539245476,0,0,2411,12.44,14015895,20992245515861,20993343224978
1789810983.072674647,0,0,2411,12.30,14015897,20992245515861,20993343224978
1789810983.604277227,0,0,2411,12.28,14015897,20992245515861,20993343224978
1789810984.137760014,0,0,2411,12.23,14015899,20992245515861,20993343224978
1789810984.692827526,0,0,2411,21.50,14015947,20992317072339,20993415792969
1789810985.243799184,96,0,2411,43.22,14016059,20992473250534,20993570894868
1789810985.794047611,96,0,2411,47.55,14016152,20992569421743,20993666984333
1789810986.337770489,91,0,2411,36.33,14016259,20992587190914,20993684761915
1789810986.885171333,91,0,2411,32.38,14016367,20992609264818,20993706840134
1789810987.438256286,93,0,2411,33.99,14016476,20992632210615,20993729785887
1789810987.989340568,93,0,2411,33.97,14016585,20992654939064,20993752514863
1789810988.538670675,92,0,2411,34.00,14016693,20992677558093,20993775161389
1789810989.088328078,90,0,2502,34.04,14016802,20992700524735,20993798125140
1789810989.638716201,90,0,2502,33.86,14016910,20992723068134,20993820869802
1789810990.187976083,88,0,2502,33.69,14017019,20992745632998,20993843209620
1789810990.735710079,88,0,2502,33.68,14017126,20992768486035,20993866063031
1789810991.287993992,92,0,2502,33.80,14017236,20992791366648,20993888943331
1789810991.841002033,92,0,2502,33.85,14017345,20992814162700,20993911738951
1789810992.389848748,92,0,2502,33.98,14017453,20992836686148,20993934222717
1789810992.937931319,92,0,2502,33.94,14017562,20992859227879,20993956782473
1789810993.492197071,94,0,2502,33.87,14017670,20992881992416,20993979557902
1789810994.044557064,94,0,2502,33.87,14017779,20992904658712,20994002245926
1789810994.592823443,91,0,2502,33.89,14017887,20992927243018,20994024808481
1789810995.140775535,89,0,2502,33.81,14017996,20992949964280,20994047555817
1789810995.694860423,89,0,2502,33.92,14018105,20992972924213,20994070515716
1789810996.243540481,89,0,2502,33.97,14018210,20992995317669,20994092893729
1789810996.776123716,89,0,2502,23.45,14018213,20992995968678,20994093489764
1789810997.309412486,0,0,2502,12.57,14018214,20992995968678,20994093489764
1789810997.844158391,0,0,2502,12.36,14018215,20992995968678,20994093489764
1789810998.376122473,0,0,2502,12.29,14018216,20992995968678,20994093489764
1789810998.908136027,0,0,2502,12.26,14018218,20992995968678,20994093489764
1789810999.460653988,0,0,2502,16.71,14018248,20993037917599,20994136741738
1789811000.012517645,0,0,2502,41.19,14018360,20993215960803,20994313558738
1789811000.558165736,96,0,2502,56.08,14018470,20993386865244,20994484912580
1789811001.106761507,96,0,2502,55.97,14018581,20993559297471,20994657254516
1789811001.663290361,96,0,2502,55.75,14018694,20993729433404,20994827255376
1789811002.216602593,96,0,2502,56.37,14018806,20993901094949,20994999925524
1789811002.767699946,96,0,2502,56.60,14018918,20994070587874,20995169897689
1789811003.316300212,95,0,2502,56.48,14019029,20994237782351,20995336216108
1789811003.869892684,95,0,2502,56.06,14019142,20994408674588,20995506803119
1789811004.424101555,96,0,2502,56.29,14019253,20994574574959,20995674107948
1789811004.980034538,96,0,2502,56.47,14019367,20994744475006,20995842767279
1789811005.523173414,96,0,2502,56.74,14019476,20994909008953,20996007355027
1789811006.066141907,96,0,2489,56.47,14019587,20995070810914,20996169238688
1789811006.619201354,96,0,2489,56.50,14019698,20995238898300,20996337500980
1789811007.168561636,96,0,2489,56.35,14019810,20995401313706,20996500761986
1789811007.720296380,96,0,2489,56.59,14019922,20995567807449,20996666708619
1789811008.275421155,96,0,2489,56.88,14020034,20995733915873,20996833771742
1789811008.825270684,96,0,2489,56.96,14020146,20995897051571,20996997211736
1789811009.371397879,95,0,2489,56.79,14020257,20996058870372,20997157768540
1789811009.921588879,95,0,2489,56.91,14020369,20996225663182,20997324669633
1789811010.477417205,95,0,2489,56.71,14020481,20996386122571,20997486524675
1789811011.024120784,95,0,2489,56.90,14020592,20996549263045,20997649754767
1789811011.582847188,96,0,2483,57.39,14020706,20996716465250,20997816839879
1789811012.134852892,96,0,2483,57.35,14020817,20996879630410,20997978913614
1789811012.683250614,96,0,2483,57.11,14020928,20997040106824,20998139456631
1789811013.227838577,96,0,2483,57.06,14021039,20997201409034,20998300876816
1789811013.777545546,96,0,2483,57.20,14021150,20997363537267,20998464171324
1789811014.336913774,96,0,2483,57.41,14021263,20997527809290,20998628319990
1789811014.886007367,96,0,2483,57.22,14021375,20997686926960,20998787101775
1789811015.433870416,96,0,2483,57.51,14021486,20997850072766,20998949794837
1789811015.981533674,96,0,2483,57.51,14021597,20998008285891,20999109006834
1789811016.530482755,96,0,2483,57.46,14021708,20998168259268,20999268177708
1789811017.078529004,96,0,2483,57.54,14021820,20998329651379,20999429633958
1789811017.628836612,96,0,2483,57.47,14021932,20998487439318,20999587884831
1789811018.177462541,96,0,2483,57.51,14022042,20998646513541,20999746671374
1789811018.727971381,96,0,2483,57.54,14022154,20998804307854,20999905838998
1789811019.262870692,96,0,2483,48.03,14022262,20998881406672,20999982351964
1789811019.804331664,96,0,2483,40.69,14022372,20998971078709,21000070552098
1789811020.359908790,96,0,2483,42.07,14022485,20999068225194,21000167575280
1789811020.906536672,96,0,2483,47.34,14022595,20999201226042,21000301089426
1789811021.455834872,96,0,2483,55.56,14022707,20999358973338,21000458893359
1789811022.006792863,96,0,2483,57.82,14022818,20999519416543,21000619410871
1789811022.557475479,96,0,2483,57.87,14022930,20999675820404,21000775880514
1789811023.106112191,96,0,2483,57.88,14023042,20999833528392,21000933683548
1789811023.652207001,96,0,2483,57.97,14023152,20999988568821,21001089063943
1789811024.199952738,96,0,2483,57.80,14023263,21000144325221,21001245964490
1789811024.748437146,96,0,2483,57.76,14023374,21000300934322,21001401802204
1789811025.307503982,96,0,2483,57.81,14023488,21000458721154,21001559138337
1789811025.854478935,96,0,2483,57.79,14023598,21000612561879,21001714217298
1789811026.404914942,96,0,2483,58.11,14023710,21000770148790,21001870674799
1789811026.953570871,96,0,2483,58.06,14023821,21000923854624,21002024451220
1789811027.503668206,96,0,2483,57.93,14023933,21001077554337,21002179571031
1789811028.054642581,96,0,2483,57.99,14024044,21001232583068,21002334068950
1789811028.604985868,96,0,2476,58.07,14024156,21001386270176,21002487086531
1789811029.152874389,96,0,2476,58.30,14024267,21001542006961,21002645569573
1789811029.705711147,96,0,2476,58.09,14024380,21001698625306,21002799569009
1789811030.257962497,96,0,2476,58.09,14024492,21001849651124,21002951990357
1789811030.811377255,96,0,2476,57.54,14024603,21001993862196,21003094886251
1789811031.346437733,92,0,2476,42.07,14024633,21002027393015,21003128424711
1789811031.882740371,92,0,2476,18.72,14024635,21002027393015,21003128424711
1789811032.416770898,0,0,2476,13.32,14024636,21002027393015,21003128424711
1789811032.948881505,0,0,2476,13.24,14024637,21002027393015,21003128424711
1789811033.479090402,0,0,2476,13.19,14024639,21002027393015,21003128424711
1789811034.009705266,0,0,2476,13.15,14024640,21002027393015,21003128424711
1789811034.539203043,0,0,2476,13.10,14024642,21002027393015,21003128424711
1789811035.071517987,0,0,2411,13.04,14024643,21002027393015,21003128424711
1789811035.603753074,0,0,2411,12.98,14024645,21002027393015,21003128424711
1789811036.136859489,0,0,2411,12.92,14024647,21002027393015,21003128424711
1789811036.669414592,0,0,2411,12.92,14024648,21002027393015,21003128424711
1789811037.201763040,0,0,2411,12.89,14024649,21002027393015,21003128424711
1789811037.733428735,0,0,2411,12.83,14024650,21002027393015,21003128424711
1789811038.263892848,0,0,2411,12.79,14024652,21002027393015,21003128424711
1789811038.797918190,0,0,2411,12.75,14024653,21002027393015,21003128424711
1789811039.330612909,0,0,2411,12.74,14024654,21002027393015,21003128424711
1789811039.862052972,0,0,2411,12.71,14024656,21002027393015,21003128424711
1789811040.394548059,0,0,2411,12.67,14024658,21002027393015,21003128424711
1789811040.926200858,0,0,2411,12.58,14024659,21002027393015,21003128424711
1789811041.457859322,0,0,2411,12.48,14024660,21002027393015,21003128424711
1789811041.990804264,0,0,2411,12.44,14024662,21002027393015,21003128424711
1789811042.522575048,0,0,2411,12.46,14024664,21002027393015,21003128424711
1789811043.055366230,0,0,2411,12.45,14024664,21002027393015,21003128424711
1789811043.587125318,0,0,2411,12.41,14024666,21002027393015,21003128424711
1789811044.122231075,0,0,2411,12.38,14024667,21002027393015,21003128424711
1789811044.655552801,0,0,2411,12.34,14024669,21002027393015,21003128424711
1789811045.188134736,0,0,2411,12.33,14024670,21002027393015,21003128424711
1789811045.721400302,0,0,2411,12.31,14024672,21002027393015,21003128424711
1789811046.253406844,0,0,2411,12.27,14024672,21002027393015,21003128424711
1789811046.785013771,0,0,2411,12.22,14024674,21002027393015,21003128424711
1789811047.316947914,0,0,2411,12.14,14024676,21002027393015,21003128424711
1789811047.850769624,0,0,2411,12.11,14024676,21002027393015,21003128424711
1789811048.383591942,0,0,2411,12.09,14024678,21002027393015,21003128424711
1789811048.915503124,0,0,2411,12.06,14024679,21002027393015,21003128424711
1789811049.447123763,0,0,2411,12.04,14024681,21002027393015,21003128424711
1789811049.978961265,0,0,2411,12.02,14024682,21002027393015,21003128424711
1789811050.510829200,0,0,2411,12.01,14024683,21002027393015,21003128424711
1789811051.042229918,0,0,2411,12.01,14024685,21002027393015,21003128424711
1789811051.572751886,0,0,2411,12.00,14024687,21002027393015,21003128424711
1789811052.105352907,0,0,2411,11.98,14024687,21002027393015,21003128424711
1789811052.636956106,0,0,2411,11.95,14024689,21002027393015,21003128424711
1789811053.169354264,0,0,2411,11.95,14024691,21002027393015,21003128424711
1789811053.701181302,0,0,2411,11.94,14024692,21002027393015,21003128424711
1789811054.233190980,0,0,2411,11.90,14024694,21002027393015,21003128424711
1789811054.765170674,0,0,2411,11.89,14024694,21002027393015,21003128424711
1789811055.297558064,0,0,2411,11.87,14024696,21002027393015,21003128424711
1789811055.831568958,0,0,2411,11.86,14024698,21002027393015,21003128424711
1789811056.365642602,0,0,2411,11.86,14024699,21002027393015,21003128424711
1789811056.900680519,0,0,2411,11.84,14024700,21002027393015,21003128424711
1789811057.433648100,0,0,2411,11.84,14024701,21002027393015,21003128424711
1789811057.963975123,0,0,2411,11.82,14024703,21002027393015,21003128424711
1789811058.495794913,0,0,2411,11.81,14024704,21002027393015,21003128424711
1789811059.030747774,0,0,2411,11.81,14024705,21002027393015,21003128424711
1789811059.563164123,0,0,2411,11.80,14024707,21002027393015,21003128424711
1789811060.094994985,0,0,2411,11.77,14024709,21002027393015,21003128424711
1789811060.627491142,0,0,2411,11.76,14024710,21002027393015,21003128424711
1789811061.159487604,0,0,2411,11.74,14024711,21002027393015,21003128424711
1789811061.690790850,0,0,2411,11.74,14024712,21002027393015,21003128424711
1789811062.222882784,0,0,2411,11.74,14024713,21002027393015,21003128424711
1789811062.754285838,0,0,2411,11.73,14024715,21002027393015,21003128424711
1789811063.287042859,0,0,2411,11.74,14024716,21002027393015,21003128424711
1789811063.819795224,0,0,2411,11.73,14024717,21002027393015,21003128424711
1789811064.352629461,0,0,2411,11.70,14024719,21002027393015,21003128424711
1789811064.884604083,0,0,2411,11.68,14024721,21002027393015,21003128424711
1789811065.416548352,0,0,2411,11.67,14024722,21002027393015,21003128424711
1789811065.950058332,0,0,2411,11.67,14024723,21002027393015,21003128424711
1789811066.481002234,0,0,2411,11.66,14024724,21002027393015,21003128424711
1789811067.013430231,0,0,2411,11.64,14024726,21002027393015,21003128424711
1789811067.545879364,0,0,2411,11.64,14024728,21002027393015,21003128424711
1789811068.076682290,0,0,2411,11.62,14024729,21002027393015,21003128424711
1789811068.611192270,0,0,2411,11.61,14024730,21002027393015,21003128424711
1789811069.143746971,0,0,2411,11.62,14024732,21002027393015,21003128424711
1789811069.676083864,0,0,2411,11.60,14024733,21002027393015,21003128424711
1789811070.207670101,0,0,2411,11.59,14024735,21002027393015,21003128424711
1789811070.741416785,0,0,2411,11.61,14024735,21002027393015,21003128424711
1789811071.272407951,0,0,2411,11.61,14024737,21002027393015,21003128424711
1789811071.806170331,0,0,2411,11.60,14024739,21002027393015,21003128424711
1789811072.338073944,0,0,2411,11.58,14024739,21002027393015,21003128424711
1789811072.869118501,0,0,2411,11.58,14024741,21002027393015,21003128424711
1789811073.400898562,0,0,2411,11.55,14024742,21002027393015,21003128424711
1789811073.935516349,0,0,2411,11.53,14024744,21002027393015,21003128424711
1789811074.469726745,0,0,2411,11.54,14024745,21002027393015,21003128424711
1789811075.006365924,0,0,2411,11.55,14024746,21002027393015,21003128424711
1789811075.539284400,0,0,2411,11.53,14024748,21002027393015,21003128424711
1789811076.071396253,0,0,2411,11.51,14024749,21002027393015,21003128424711
1789811076.603250185,0,0,2411,11.50,14024750,21002027393015,21003128424711
1789811077.137343813,0,0,2411,11.49,14024752,21002027393015,21003128424711
1789811077.669348545,0,0,2411,11.48,14024753,21002027393015,21003128424711
1789811078.202060781,0,0,2411,11.49,14024755,21002027393015,21003128424711
1789811078.734474794,0,0,2411,11.47,14024756,21002027393015,21003128424711
1789811079.267063750,0,0,2411,11.47,14024758,21002027393015,21003128424711
1789811079.799977442,0,0,2411,11.47,14024759,21002027393015,21003128424711
1789811080.331252463,0,0,2411,11.50,14024759,21002027393015,21003128424711
